{
    "prc": [
        {
            "precision": 0.5081967213114754,
            "recall": 1.0,
            "threshold": 0
        },
        {
            "precision": 0.8285714285714286,
            "recall": 0.9354838709677419,
            "threshold": 1
        }
    ]
}