{
    "train_score": 100.0,
    "test_score": 86.88524590163934,
    "roc_auc": 0.9263440860215053,
    "Precision": [
        0.5081967213114754,
        0.8285714285714286,
        1.0
    ],
    "Recall": [
        1.0,
        0.9354838709677419,
        0.0
    ],
    "Average precision": 0.8079020926191736,
    "Model Accuracy": 0.8688524590163934
}